subject_id,image_name
702242e5-3bc5-11ef-81ea-28d0ea5d9ad4,client001.png
704e690f-3bc5-11ef-95aa-28d0ea5d9ad4,client002.png
70762057-3bc5-11ef-ac0d-28d0ea5d9ad4,client003.png
70b2f2b6-3bc5-11ef-aca5-28d0ea5d9ad4,client005.png
70f67511-3bc5-11ef-9b9f-28d0ea5d9ad4,client006.png
71211d07-3bc5-11ef-8ea7-28d0ea5d9ad4,client007.png
714d0173-3bc5-11ef-b2fc-28d0ea5d9ad4,client008.png
717edf82-3bc5-11ef-8d66-28d0ea5d9ad4,client009.png
71aba28d-3bc5-11ef-be91-28d0ea5d9ad4,client012.png
71da655c-3bc5-11ef-afd7-28d0ea5d9ad4,Katia.jpg
